city_name,city_split,policy,seed,demand_scale,row_type,completed_vehicles,departed_vehicles,vehicles_remaining,completion_rate,teleport_count,throughput_per_hour,average_waiting_time_s,average_travel_time_s,average_time_loss_s,average_queue_length_vehicles,max_queue_length_vehicles,average_wait_density_s_per_m,phase_switch_frequency_per_junction_per_minute,average_tls_passes_per_vehicle,average_stops_before_tls_per_vehicle,nonstop_tls_pass_rate,average_best_nonstop_tls_streak
freiburg_altstadt,held_out,learned,200,1.0,seed,1175,2405,1230,0.4885654885654886,0,1762.5,238.76340425531916,516.5923404255319,299.4781531914892,0.7692062445030771,81.0,2.2203128481331658,1.1323275862068967,5.953191489361702,2.795744680851064,0.5303788420300214,2.1540425531914895
freiburg_altstadt,held_out,max-pressure,200,1.0,seed,1015,2402,1387,0.4225645295587011,0,1522.5,166.40689655172415,449.38522167487685,237.17890640394114,0.8465204485488136,81.0,2.6184759017285524,1.1896551724137931,5.524137931034483,3.432512315270936,0.3786338505439629,1.4689655172413794
freiburg_altstadt,held_out,queue,200,1.0,seed,838,2405,1567,0.34844074844074846,0,1257.0,126.25536992840095,384.7971360381862,183.2514916467781,1.0128529023746706,81.0,4.234394141376663,1.1375,5.1610978520286395,3.013126491646778,0.4161849710982659,1.5465393794749402
freiburg_altstadt,held_out,learned,,1.0,mean,1175,2405,1230,0.4885654885654886,0,1762.5,238.76340425531916,516.5923404255319,299.4781531914892,0.7692062445030771,81.0,2.2203128481331658,1.1323275862068967,5.953191489361702,2.795744680851064,0.5303788420300214,2.1540425531914895
freiburg_altstadt,held_out,learned,,1.0,standard_deviation,0,0,0,0.0,0,0.0,0.0,0.0,0.0,0.0,0.0,0.0,0.0,0.0,0.0,0.0,0.0
freiburg_altstadt,held_out,max-pressure,,1.0,mean,1015,2402,1387,0.4225645295587011,0,1522.5,166.40689655172415,449.38522167487685,237.17890640394114,0.8465204485488136,81.0,2.6184759017285524,1.1896551724137931,5.524137931034483,3.432512315270936,0.3786338505439629,1.4689655172413794
freiburg_altstadt,held_out,max-pressure,,1.0,standard_deviation,0,0,0,0.0,0,0.0,0.0,0.0,0.0,0.0,0.0,0.0,0.0,0.0,0.0,0.0,0.0
freiburg_altstadt,held_out,queue,,1.0,mean,838,2405,1567,0.34844074844074846,0,1257.0,126.25536992840095,384.7971360381862,183.2514916467781,1.0128529023746706,81.0,4.234394141376663,1.1375,5.1610978520286395,3.013126491646778,0.4161849710982659,1.5465393794749402
freiburg_altstadt,held_out,queue,,1.0,standard_deviation,0,0,0,0.0,0,0.0,0.0,0.0,0.0,0.0,0.0,0.0,0.0,0.0,0.0,0.0,0.0
